File,Group,RMS_x,RMS_y,偏心比例,主頻率(Hz),等效剛性(N/m),RMS加速度
E:\EarthScienceFair_Data\1\G2\1-G2-1.xlsx,G2,0.03532199430980699,0.0008312857625417103,0.023534508138202934,0.042250535640744956,0.13108020723129918,1.6408750681520154
E:\EarthScienceFair_Data\1\G2\1-G2-2.xlsx,G2,0.0327336658327515,0.0007925663827136819,0.02421257633542173,0.04221492436417441,0.1308593358868201,1.2614957833962215
E:\EarthScienceFair_Data\1\G2\1-G2-3.xlsx,G2,0.031535281620968435,0.0005596224006416061,0.017745914159507683,3.086915609830416,699.7166282417255,1.8384558099259976
E:\EarthScienceFair_Data\1\G2\1-G2-4.xlsx,G2,0.03439134086450766,0.0005788264232285405,0.016830586091683832,1.7382063195169764,221.8581207643941,1.7188565805780691
E:\EarthScienceFair_Data\1\G2\1-G2-5.xlsx,G2,68.45258991475531,1.8447921005328294,0.026949924069055203,3.1086274930444877,709.5941855476613,1.6011275258233784
E:\EarthScienceFair_Data\1\G3\1-G3-1.xlsx,G3,0.12480882874655702,0.00740230059245344,0.05930911031530404,3.8929306985880254,1109.8313687598825,2.084805256145779
E:\EarthScienceFair_Data\1\G3\1-G3-2.xlsx,G3,0.035219237060735716,0.0011683123547869775,0.033172562846044,0.8625697571433214,54.48690065791183,1.9957303020352979
E:\EarthScienceFair_Data\1\G3\1-G3-3.xlsx,G3,0.031630980834843794,0.0020877304603669155,0.06600271016784692,3.8887742804332235,1107.4627364693733,1.909642415473263
