File,Group,RMS_x,RMS_y,偏心比例,主頻率(Hz),等效剛性(N/m),RMS加速度
E:\EarthScienceFair_Data\1\G2\1-G2-1.xlsx,G2,0.03532199430980699,0.0008312857625417103,0.023534508138202934,0.042250535640744956,0.13108020723129918,
E:\EarthScienceFair_Data\1\G2\1-G2-2.xlsx,G2,0.0327336658327515,0.0007925663827136819,0.02421257633542173,0.04221492436417441,0.1308593358868201,
E:\EarthScienceFair_Data\1\G2\1-G2-3.xlsx,G2,0.031535281620968435,0.0005596224006416061,0.017745914159507683,3.086915609830416,699.7166282417255,
E:\EarthScienceFair_Data\1\G2\1-G2-4.xlsx,G2,0.03439134086450766,0.0005788264232285405,0.016830586091683832,1.7382063195169764,221.8581207643941,
E:\EarthScienceFair_Data\1\G2\1-G2-5.xlsx,G2,68.45258991475531,1.8447921005328294,0.026949924069055203,3.1086274930444877,709.5941855476613,
