File,Group,RMS_x,RMS_y,偏心比例,側面主頻率(Hz),側面等效剛性(N/m),俯瞰A_PC1頻率(Hz),俯瞰A_PC2頻率(Hz),俯瞰B_PC1頻率(Hz),俯瞰B_PC2頻率(Hz),RMS加速度
E:\EarthScienceFair_Data\5\G1\5-G1-1.xlsx,5-G1,0.05461375600087664,0.002894018915179183,0.09762745585573745,2.229087391012103,1390.216657818353,2.350222598177846,2.4164068351288184,2.6206226406630324,2.6221298509122892,0.9179429004853547
E:\EarthScienceFair_Data\5\G1\5-G1-2.xlsx,5-G1,0.03710452667461368,0.0015663072767812612,0.03437313535631342,2.2406267736703294,1404.6474650013042,2.1657866314576135,2.1641874626947346,2.463370264923286,2.4455294646378563,1.128584162250825
E:\EarthScienceFair_Data\5\G1\5-G1-3.xlsx,5-G1,0.03756516005074467,0.0017445946220348179,0.03694315345439016,2.262276460756238,1431.9229533694613,2.154003233734113,2.1216884248273673,2.459206961226073,2.4742562316744703,0.9902002468227775
