Group,rms_x_mean,rms_x_u,rms_y_mean,rms_y_u,ratio_mean,ratio_u,f_n_mean,f_n_u,k_mean,k_u,fa1_mean,fa1_u,fa2_mean,fa2_u,fb1_mean,fb1_u,fb2_mean,fb2_u,rms_acc_mean,rms_acc_u,sample_size
5-G1,0.04309448090874499,0.005761172327543379,0.0020683069379984205,0.0004160515978874948,0.05631458155548034,0.02066975596911055,2.2439968751462236,0.00972791131381985,1408.929025396373,12.228417609698642,2.2233374877898573,0.06353368016022833,2.2340942408836404,0.09197817416869114,2.5143999556041305,0.053124938871371326,2.513971849074872,0.05471112564244756,1.0122424365196523,0.061797596729193605,3
5-G2,0.028558460088143094,0.00024918952965693276,0.0010481602636232441,1.9260934951552646e-05,0.031180643935539983,0.0011221598107229575,2.150222218326263,0.0008181170796722928,1208.527952701231,0.9197649887188154,2.1747932770094405,0.02394278105969213,2.223740465842813,0.03420698875407113,2.439911074196291,0.04845959977581485,2.4229317241244863,0.026173363175308495,1.1859330257633003,0.043800843730742244,3
