Group,RMS_x_mean,RMS_x_u,RMS_y_mean,RMS_y_u,ratio_mean,ratio_u,f_n_mean,f_n_u,k_mean,k_u,rms_acc_mean,rms_acc_u,sample_size
G2,13.71731443947667,13.683818884461235,0.369510880300391,0.3688203091141558,0.021854701758774277,0.0019553322755345793,1.6036429764793598,0.6840755553840012,326.2861748193798,159.6926718207505,,,5
