Group,RMS_x_mean,RMS_x_u,RMS_y_mean,RMS_y_u,ratio_mean,ratio_u,f_n_mean,f_n_u,k_mean,k_u,rms_acc_mean,rms_acc_u,sample_size
1-G2,0.024496908737843874,0.00014690611439640555,0.0006162159892039679,2.1730146276728547e-05,0.025163391201862312,0.000933672702538525,2.6606776343254652,0.015692551948252496,545.1934559376418,6.407191641289561,1.6121621535751363,0.09656749383351018,5
1-G3,0.04350779467976407,0.019180860797066462,0.0020307675633025454,0.0012099962738790603,0.03842949124697493,0.005058252429662012,2.613636134872967,0.08567939955594638,544.984274939499,34.07005829761546,1.9467568403189834,0.044458690032170144,5
2-G1,0.02492269868807985,0.00016038631557293897,0.0020893765569025926,0.0004069798114761357,0.08368971235758287,0.015945905475354082,2.7549919327782795,0.019672577443204428,665.2995401619694,9.473368006380934,1.950034337507957,0.15636773066466073,3
