Group,RMS_x_mean,RMS_x_u,RMS_y_mean,RMS_y_u,ratio_mean,ratio_u,f_n_mean,f_n_u,k_mean,k_u,rms_acc_mean,rms_acc_u,sample_size
1-G2,9.03695579147789,9.012345765326119,0.15928448711076584,0.15867280820888455,0.02340569623157702,0.0016243965032803618,1.2574749090868496,0.1904716306901013,132.93437144687613,38.40949074389409,1.6121621535751363,0.09656749383351018,5
1-G3,0.043554909981039065,0.01917995186761408,0.0020338558535523453,0.0012100363792047018,0.03847751349409852,0.00508292361511658,2.471465684479355,0.5387391798733339,577.4463744753665,201.8883113448955,1.9467568403189834,0.044458690032170144,5
2-G1,0.024944971035323626,0.0001595215287429076,0.0020943437283807106,0.00040953316446541173,0.08382930746112495,0.016064177772694962,3.418865999955132,0.4954264628350507,1067.4883431240937,275.42129457915826,1.950034337507957,0.15636773066466073,3
