Group,rms_x_mean,rms_x_u,rms_y_mean,rms_y_u,ratio_mean,ratio_u,f_n_mean,f_n_u,k_mean,k_u,fa1_mean,fa1_u,fa2_mean,fa2_u,fb1_mean,fb1_u,fb2_mean,fb2_u,rms_acc_mean,rms_acc_u,sample_size
5-G1,0.04309448090874499,0.005761172327543379,0.0020683069379984205,0.0004160515978874948,0.05631458155548034,0.02066975596911055,2.2439968751462236,0.00972791131381985,1408.929025396373,12.228417609698642,2.2233374877898573,0.06353368016022833,2.2340942408836404,0.09197817416869114,2.5143999556041305,0.053124938871371326,2.513971849074872,0.05471112564244756,1.0122424365196523,0.061797596729193605,3
