Group,RMS_x_mean,RMS_x_u,RMS_y_mean,RMS_y_u,ratio_mean,ratio_u,f_n_mean,f_n_u,k_mean,k_u,rms_acc_mean,rms_acc_u,sample_size
G2,13.71731443947667,13.683818884461235,0.369510880300391,0.3688203091141558,0.021854701758774277,0.0019553322755345793,1.6036429764793598,0.6840755553840012,333.30308180474276,163.12692282764834,1.6121621535751363,0.09656749383351018,5
G3,0.06388634888071217,0.03047884682004262,0.003552781135869111,0.0019429730181848496,0.052828127776398316,0.010015937205191559,2.881424912054857,1.0094282905581802,775.6305321088263,359.91160480860464,1.9967259912181132,0.050567607338518915,3
