Group,rms_x_mean,rms_x_u,rms_y_mean,rms_y_u,ratio_mean,ratio_u,f_n_mean,f_n_u,k_mean,k_u,fa1_mean,fa1_u,fa2_mean,fa2_u,fb1_mean,fb1_u,fb2_mean,fb2_u,rms_acc_mean,rms_acc_u,sample_size
5-G1,0.04309448090874499,0.005761172327543379,0.0020683069379984205,0.0004160515978874948,0.05631458155548034,0.02066975596911055,2.2439968751462236,0.00972791131381985,1408.929025396373,12.228417609698642,2.2233374877898573,0.06353368016022833,2.2340942408836404,0.09197817416869114,2.5143999556041305,0.053124938871371326,2.513971849074872,0.05471112564244756,1.0122424365196523,0.061797596729193605,3
5-G2,0.028558460088143094,0.00024918952965693276,0.0010481602636232441,1.9260934951552646e-05,0.031180643935539983,0.0011221598107229575,2.150222218326263,0.0008181170796722928,1208.527952701231,0.9197649887188154,2.1747932770094405,0.02394278105969213,2.223740465842813,0.03420698875407113,2.439911074196291,0.04845959977581485,2.4229317241244863,0.026173363175308495,1.1859330257633003,0.043800843730742244,3
5-G3,0.024509038756564544,0.00014421360288954907,0.0008967495374209983,7.524134158082505e-05,0.033494014060033384,0.002624142675593051,2.1583696504568706,0.009338581317540093,1134.0840819184239,9.821587692401096,2.2607230234644557,0.008604699993356587,2.318628142384862,0.012849101943272349,2.4658853742965134,0.050405793868669085,2.4624238703989625,0.03725247756832829,1.1590859997114136,0.042479303419663585,3
5-G4,0.026754140002132897,0.0001847594247413869,0.0011072859379687935,7.412549889589314e-05,0.03564719434012239,0.00214333530443362,2.141999308021658,0.0225836308539045,1120.9211064680683,23.699460871514567,2.2477848794673827,0.038055281615378446,2.301855893854921,0.05235800386777311,2.578520565006824,0.026412165540502602,2.5567252074621805,0.030402249509775235,1.4051690295317443,0.33835083661685755,3
