Group,RMS_x_mean,RMS_x_u,RMS_y_mean,RMS_y_u,ratio_mean,ratio_u,f_n_mean,f_n_u,k_mean,k_u,rms_acc_mean,rms_acc_u,sample_size
1-G2,9.163332187317012,9.139072240019711,0.18520718276935239,0.18459500572342405,0.024211385310823414,0.001524745255772281,1.3103169582787835,0.7307073898004955,296.665327254367,180.45541877365196,1.6121621535751363,0.09656749383351018,5
1-G3,0.04346990108632787,0.019325405344730436,0.002163809191927458,0.0013033464642329081,0.04072820394325814,0.005471963774228484,2.8259795773120184,0.7399571718307739,808.3902805573605,249.32385072748795,1.9467568403189834,0.044458690032170144,5
2-G1,0.024925731098533067,0.0003830150695610394,0.0021413348884086725,0.0004456982191345625,0.08598705578100173,0.017788266410129837,2.8736770328370853,1.0371725272019163,912.3490683989689,428.179264279299,1.950034337507957,0.15636773066466073,3
