Group,RMS_x_mean,RMS_x_u,RMS_y_mean,RMS_y_u,ratio_mean,ratio_u,f_n_mean,f_n_u,k_mean,k_u,rms_acc_mean,rms_acc_u,sample_size
1-G2,0.02450016554232834,0.0001451445230878895,0.0006161934308669282,2.171927960919593e-05,0.025158789046765374,0.000931108131764559,2.656256995963665,0.01549680077672216,543.3816861750025,6.315882770745094,1.6121621535751363,0.09656749383351018,5
1-G3,0.04353904874544403,0.019183952999595348,0.0020303548963196095,0.0012108178781930104,0.038359236356427615,0.005094538634929434,2.608315320222041,0.08081051379448013,542.51949637959,32.12197799349856,1.9467568403189834,0.044458690032170144,5
2-G1,0.02492043914092343,0.0001604870110349847,0.0020909932244717214,0.0004081381363397934,0.08376251733968927,0.01599407640230379,2.7560460233537944,0.009671708261274586,665.7572449740288,4.664343290461121,1.950034337507957,0.15636773066466073,3
